{
  "generated_at": "2026-07-12T16:11:53.360979",
  "elapsed_seconds": null,
  "project": {
    "name": "Sovereign Financial Auditing & Risk Analytics Engine",
    "version": "1.0.0"
  },
  "audit_status": "NORMAL",
  "entities_audited": 4940,
  "high_risk_entities": 0,
  "pytorch_models": {
    "cnn": {
      "train_loss": 0.03896008910983801,
      "val_loss": 0.07239863770973898,
      "val_accuracy": 0.9619619619619619
    },
    "lstm": {
      "train_loss": 0.011690515064460229,
      "val_loss": 0.026853630330503708,
      "val_accuracy": 0.9858299595141701
    },
    "transformer": {
      "train_loss": 0.05310538711567079,
      "val_loss": 0.05174900881285148,
      "val_accuracy": 0.9817813765182186
    }
  },
  "optimizer_best": "rmsprop",
  "tensorflow_models": {
    "dense": {
      "loss": 0.0735468715429306,
      "cls_loss": 0.1069367304444313,
      "reg_loss": 0.023462096229195595,
      "accuracy": 0.9767206311225891,
      "backend": "keras_torch"
    },
    "lstm": {
      "loss": 0.0347294919192791,
      "cls_loss": 0.048505980521440506,
      "reg_loss": 0.014064749702811241,
      "accuracy": 0.9827935099601746,
      "backend": "keras_torch"
    },
    "transformer": {
      "loss": 0.07621828466653824,
      "cls_loss": 0.11164522171020508,
      "reg_loss": 0.023077890276908875,
      "accuracy": 0.9767206311225891,
      "backend": "keras_torch"
    }
  },
  "vector_indices": {
    "vector_counts": {
      "faiss": 500,
      "milvus": 500,
      "pinecone": 500
    },
    "cluster_stats": {
      "faiss": {
        "vectors": 500,
        "type": "IVFPQ"
      },
      "milvus": {
        "collection": "financial_documents",
        "vector_count": 500,
        "embedding_dim": 384,
        "mode": "lite",
        "connected": true
      },
      "pinecone": {
        "index_name": "financial-audit-index",
        "vector_count": 500,
        "mode": "mock"
      }
    },
    "demo_query": "compliance audit unusual transaction pattern"
  }
}