{
  "cnn": {
    "train_loss": 0.03896008910983801,
    "val_loss": 0.07239863770973898,
    "val_accuracy": 0.9619619619619619
  },
  "lstm": {
    "train_loss": 0.011690515064460229,
    "val_loss": 0.026853630330503708,
    "val_accuracy": 0.9858299595141701
  },
  "transformer": {
    "train_loss": 0.05310538711567079,
    "val_loss": 0.05174900881285148,
    "val_accuracy": 0.9817813765182186
  },
  "optimizer_comparison": {
    "adam": {
      "final_loss": 0.05462598545296538,
      "losses": [
        0.1270462668335606,
        0.06389574545826163,
        0.05462598545296538
      ]
    },
    "sgd": {
      "final_loss": 0.31070112893658297,
      "losses": [
        0.42168473668636813,
        0.3534558593265472,
        0.31070112893658297
      ]
    },
    "rmsprop": {
      "final_loss": 0.029834541950314757,
      "losses": [
        0.07612588894253056,
        0.04166561685457465,
        0.029834541950314757
      ]
    }
  }
}