{
  "dense": {
    "loss": 0.0735468715429306,
    "cls_loss": 0.1069367304444313,
    "reg_loss": 0.023462096229195595,
    "accuracy": 0.9767206311225891,
    "backend": "keras_torch"
  },
  "lstm": {
    "loss": 0.0347294919192791,
    "cls_loss": 0.048505980521440506,
    "reg_loss": 0.014064749702811241,
    "accuracy": 0.9827935099601746,
    "backend": "keras_torch"
  },
  "transformer": {
    "loss": 0.07621828466653824,
    "cls_loss": 0.11164522171020508,
    "reg_loss": 0.023077890276908875,
    "accuracy": 0.9767206311225891,
    "backend": "keras_torch"
  }
}