{
  "cnn": {
    "train_loss": 0.06344372119754553,
    "val_loss": 0.06737282106769271,
    "val_accuracy": 0.964964964964965
  },
  "lstm": {
    "train_loss": 0.029111011679971502,
    "val_loss": 0.02833914313645613,
    "val_accuracy": 0.9858299595141701
  },
  "transformer": {
    "train_loss": 0.06716226593726465,
    "val_loss": 0.07535784331060225,
    "val_accuracy": 0.9767206477732794
  },
  "optimizer_comparison": {
    "adam": {
      "final_loss": 0.05566714609402322,
      "losses": [
        0.14171998340245937,
        0.06427360165323462,
        0.05566714609402322
      ]
    },
    "sgd": {
      "final_loss": 0.2954982754684264,
      "losses": [
        0.40398647804414073,
        0.33797863173869347,
        0.2954982754684264
      ]
    },
    "rmsprop": {
      "final_loss": 0.028723292417013116,
      "losses": [
        0.07263499451050114,
        0.03691782051276776,
        0.028723292417013116
      ]
    }
  }
}