{
  "dense": {
    "loss": 0.07471718639135361,
    "cls_loss": 0.10757730901241302,
    "reg_loss": 0.025426937267184258,
    "accuracy": 0.9767206311225891,
    "backend": "keras_torch"
  },
  "lstm": {
    "loss": 0.04488913714885712,
    "cls_loss": 0.060326509177684784,
    "reg_loss": 0.021733053028583527,
    "accuracy": 0.9767206311225891,
    "backend": "keras_torch"
  },
  "transformer": {
    "loss": 0.0759139284491539,
    "cls_loss": 0.11066959798336029,
    "reg_loss": 0.02378040924668312,
    "accuracy": 0.9767206311225891,
    "backend": "keras_torch"
  }
}